vertical,brand,category,size_signal,why_fit,contact_url,title_to_address,ticket_ils_yr,priority,verification_status,notes
LAW,Herzog Fox & Neeman,BigLaw hi-tech capital markets,500+ lawyers IL top 2,Strong ESG/community page next-gen Israel brand,herzoglaw.co.il/en/contact,Director of Marketing / Head of BD,25000-75000,B,form-only,Gil White MP gatekeeper route to CMO
LAW,Meitar,BigLaw M&A hi-tech,600+ lawyers IL largest,Long volunteering tradition youth/education angle,meitar.com/en,Director of Marketing & BD,30000-80000,A,form-only,Pit vs Herzog same-week
LAW,Goldfarb Gross Seligman,M&A hi-tech banking,~400 lawyers post-merger,Post-merger rebrand budget active,goldfarb.com/contact,Marketing Director,20000-60000,B,form-only,
LAW,S. Horowitz & Co,Litigation banking IP,~150 lawyers IL oldest,Traditional pro bono ethos fits individual story,s-horowitz.com,BD Manager,15000-40000,C,form-only,
LAW,Naschitz Brandes Amir,Commercial tort labor,312 lawyers,Sport-tort practice natural fit,nblaw.com,Marketing Manager,15000-40000,C,form-only,
LAW,Arnon Tadmor-Levy,M&A hi-tech post-merger,300+ lawyers,Post-merger brand reset differentiated sponsorships,arnontl.com,Director of Marketing,20000-50000,B,form-only,
LAW,Erdinast Ben Nathan Toledano,Litigation RE hi-tech,~200 lawyers UK/China desks,International desks align Pro Tour cities,ebnlaw.co.il,Marketing/BD,15000-40000,B,form-only,
LAW,Gornitzky & Co,M&A tax regulatory,Est 1938 ~200 lawyers,Heritage firm presidential legacy appeal,gornitzky.com,Communications Lead,15000-40000,C,form-only,
LAW,Pearl Cohen Zedek Latzer Baratz,IP hi-tech life sciences,Multi-office TLV/NY/London,London office = England leg activation,pearlcohen.com,BD/Marketing Director,20000-50000,B,form-only,Native fit Bridlington trip
LAW,Shibolet & Co,Hi-tech VC M&A,~180 lawyers,Hi-tech client base recruiter brand,shibolet.com,Marketing Director,15000-40000,C,form-only,
LAW,Lipa Meir,Commercial RE,~120 lawyers,Mid-tier easier check authorization,lipameir.co.il,Marketing Manager,10000-30000,C,form-only,
LAW,Gross Kleinhendler GKH,M&A hi-tech,~150 lawyers,Younger partnership social-first marketing,gkh-law.com,Head of Marketing,15000-40000,B,form-only,
LAW,Agmon Tulchinsky,Regulatory comms public affairs,~120 lawyers,Comms-heavy knows media value of athlete story,agmon-law.co.il,Communications/Marketing,15000-35000,B,form-only,
LAW,Doron Tikotzky Kantor Gutman,Tax RE litigation,~100 lawyers,Mid-tier family/personal sponsorships fit,dtkgg.com,Marketing,10000-25000,C,form-only,
LAW,Amit Pollak Matalon APM,Banking hi-tech M&A,~180 lawyers,Active social/CSR LinkedIn posting,apm.law,Marketing Director,15000-40000,B,form-only,
INSURANCE,Clal Insurance,Life health P&C,Top-5 IL,Already sponsors Paralympic Segel HaZahav PROVEN ATHLETE BUDGET,thevaluable500.com/companies/clal-insurance,CSR & Sponsorships Lead,40000-120000,A,verified-pattern,WARMEST PATH #1
INSURANCE,Menora Mivtachim,Pensions + Maccabi TA arena,Public ~20M arena naming,PROVEN SPORT-SPONSOR Maccabi TA arena namesake,menoramivt.co.il,Sponsorship Manager,50000-150000,A,verified-pattern,WARMEST PATH #2
INSURANCE,Migdal,Life + long-term savings #1 IL,Public TASE largest IL life,Pension/longevity = career-investing in 17yo,my.migdal.co.il/en,Head of Marketing/Brand,50000-150000,A,form-only,Pit vs Phoenix same-week
INSURANCE,Phoenix,Multi-line $200B AUM,Public top-3 IL,Stated CSR culture/education/health = youth dev,fnx.co.il,VP Marketing / Brand Director,50000-150000,A,form-only,Pit vs Migdal same-week
INSURANCE,Harel,Largest IL insurance group,Public #1 P&C,Health + youth fitness native cross-sell,harel-group.co.il,Marketing/Brand Director,40000-120000,B,form-only,
INSURANCE,Ayalon Insurance,Top-6 IL multi-line,Founded 1976 growth-mode,Looking for differentiation vs majors,ayalon-ins.co.il,Marketing Director,20000-60000,B,form-only,
INSURANCE,IDI Direct (Bituach Yashir),Direct DTC,Most-valuable IL insurer mkt cap,DTC heavy ad spend hero-story TV fit,9000.co.il,CMO / Brand,30000-100000,A,form-only,Strong DTC budget
INSURANCE,AIG Israel,P&C travel accident,IL arm of global,Travel insurance Pro Tour native angle,aig.co.il,Marketing Manager IL,20000-60000,B,form-only,
INSURANCE,Shomera,P&C Menora subsidiary,Menora-owned 2007,Stated sport/community involvement,linkedin.com/company/shomeraa,Marketing,10000-30000,C,pattern,
INSURANCE,PassportCard / DavidShield,Travel health insurance,Private IL HQ,NATIVE FIT travel insurance for traveling athlete,passportcard.com,CMO / Partnerships,20000-60000,A,form-only,WARMEST PATH #4
HITECH,eToro,Public NASDAQ IL HQ,Premier League shirt sponsor history,PROVEN SPONSOR Premier League precedent,etoro.com,Global Sponsorship Mgr,50000-150000,A,verified-pattern,WARMEST PATH #3
HITECH,Payoneer,Public NASDAQ IL-founded,Global payments,Athlete getting paid abroad = literal use case,payoneer.com,CMO / Brand Lead,40000-120000,B,form-only,
HITECH,JFrog,Public IL HQ,Employer-brand heavy,Recruiting halo culture-signal,jfrog.com,Head of Brand,30000-80000,B,form-only,
HITECH,AppsFlyer,Late-stage private ~$2B val,Marketing-attribution culture,Understands sponsorship ROI,appsflyer.com,VP Marketing,30000-80000,B,form-only,
HITECH,HiBob,Series D+ $250-300M ARR,HRtech employer-brand,Best-place-to-work narrative London office Bridlington,hibob.com,CMO,30000-80000,A,form-only,WARMEST PATH #5
HITECH,Papaya Global,Unicorn global payroll,Pays workers 160 countries,Israel kid earning on Pro Tour fit,papayaglobal.com,CMO,30000-80000,B,form-only,
HITECH,Pagaya,Public NASDAQ,IL pride sponsorship narrative,Mgmt incl named contacts on IR page,pagaya.com,Head of Comms,25000-70000,C,form-only,
HITECH,Riskified,Public,Consumer-trust brand,Clean youth athlete on-brand,riskified.com,CMO,20000-60000,C,form-only,
HITECH,Nayax,Public TASE/NASDAQ,Payments hardware 80+ countries,Co-branded merch potential,ir.nayax.com,Marketing Director,20000-60000,C,form-only,
HITECH,SimilarWeb,Public $1B+ val,Data-storytelling culture,Measurable sponsorships,similarweb.com,CMO,20000-60000,C,form-only,
HITECH,Yotpo,Unicorn $1.4B val,e-comm marketing,Merch/D2C activation natural,yotpo.com,CMO,20000-60000,C,form-only,
HITECH,WalkMe,Public SAP-acquired,Post-acquisition rebrand,Budget likely active,walkme.com,Brand Director,20000-50000,C,form-only,
HITECH,SentinelOne,Public NYSE IL-founded,Recruiting halo,Differentiation vs Wiz/Cybereason,sentinelone.com,CMO,30000-80000,B,form-only,Cyber rivalry play
HITECH,Cybereason,Late-stage private,Employer brand,Sponsor rivalry vs SentinelOne,cybereason.com,CMO,20000-60000,C,form-only,Cyber rivalry play
HITECH,Wiz,Hyper-growth $12B val IL-founded,Flush IL-pride story,Small but loud sponsorships fit,wiz.io,Head of Brand,30000-100000,A,form-only,Cyber rivalry play wealthiest
EV,Polestar IL,Performance EV Swedish,IL importer UMI,Design-forward youth premium TOP MATCH,umi.co.il,Marketing Director,40000-80000,A,form-only,WARMEST EV #1
EV,BYD IL,Chinese EV value+volume,Lubinski Group importer,#1 selling EV IL 2024 heavy budget,lubinski.co.il,Marketing Director,50000-100000,A,form-only,Includes car loaner
EV,MG Motor IL,Sport EV value,Auto Chen Group importer,MG4 sport positioning value-young,autochen.co.il,Marketing,25000-60000,B,form-only,
EV,Cupra IL,Spanish sport EV,Champion Motors importer,Racing DNA literal speed+young match,championmotors.co.il,Marketing Director,30000-70000,A,form-only,WARMEST EV #2 Cupra Born loaner
EV,Geely IL (incl Zeekr),Chinese EV,UMI importer,New IL entrant launch budget,umi.co.il,Marketing Director,30000-60000,B,form-only,
EV,Smart #1/#3,Urban young EV,Champion Motors,IG-friendly Gen-Z,championmotors.co.il,Marketing,20000-50000,B,form-only,
EV,Voyah,Chinese premium new entrant,Lubinski,Brand-build mode,lubinski.co.il,Marketing Director,25000-60000,C,form-only,
EV,Ora (GWM),Quirky design,Auto Chen,Female/young Gen-Z lean,autochen.co.il,Marketing,20000-45000,C,form-only,
EV,Skywell ET5,Sport coupe EV,Auto Chen,Brand awareness push,autochen.co.il,Marketing,25000-50000,C,form-only,
EV,Hyundai Ioniq 5N / Kia EV6 GT,Performance EV,Colmobil importer,Sports halo for performance sub-brand,colmobil.co.il,Brand Manager,40000-80000,B,form-only,WARMEST EV #3
